Topic,Material,Supplier,Price_Impact,Timeline,Adjacent_Product,Article
Cobalt supply disruption,Cobalt,Supplier A,-14.28,Q3 2025,Cobalt,"**Cobalt Supply Disruption: A Threat to the Battery Industry**

The cobalt supply chain is set to face a significant disruption in Q3 2025, with Supplier A announcing a -14.28% price impact on the material. This sudden change has sent shockwaves through the industry, as cobalt is a critical component in the production of lithium-ion batteries, used in a wide range of applications, from electric vehicles to consumer electronics.

**The Cause of the Disruption**

Supplier A, a leading provider of cobalt to the battery industry, has attributed the price impact to a combination of factors, including increased production costs, transportation disruptions, and a surge in demand from emerging markets. The company has been struggling to maintain its production levels due to supply chain issues, which have resulted in a shortage of the material.

**Impact on the Supply Chain**

The cobalt supply disruption is expected to have a ripple effect throughout the entire supply chain, affecting not only Supplier A's customers but also the broader battery industry. The shortage of cobalt will lead to:

1. **Production delays**: Battery manufacturers, reliant on cobalt for their production, will face delays in meeting demand, resulting in production downtime and lost revenue.
2. **Increased costs**: As prices rise, battery manufacturers will need to absorb the additional costs, potentially leading to reduced profit margins or even losses.
3. **Supply chain instability**: The disruption will create uncertainty and instability in the supply chain, making it challenging for companies to plan and manage their production schedules.

**Potential Mitigation Strategies**

To mitigate the impact of the cobalt supply disruption, companies can consider the following strategies:

1. **Diversify suppliers**: Companies should explore alternative sources of cobalt to reduce their dependence on a single supplier.
2. **Stockpile inventory**: Battery manufacturers can build up inventory levels of cobalt to ensure a steady supply during the disruption.
3. **Invest in recycling**: Recycling cobalt from spent batteries can help reduce the demand on primary production and mitigate the impact of the shortage.
4. **Develop alternative battery chemistries**: Companies can explore alternative battery chemistries, such as solid-state batteries or sodium-ion batteries, which may not rely on cobalt.
5. **Collaborate with competitors**: Industry players can collaborate to share resources, expertise, and risks, helping to stabilize the supply chain and reduce the impact of the disruption.

**Conclusion**

The cobalt supply disruption announced by Supplier A is a significant challenge for the battery industry, with far-reaching implications for production, costs, and supply chain stability. While the disruption is a setback, companies can take proactive steps to mitigate its impact by diversifying suppliers, stockpiling inventory, investing in recycling, developing alternative battery chemistries, and collaborating with competitors. By adopting these strategies, the industry can reduce the risk of supply chain disruptions and ensure a stable and sustainable supply of cobalt for years to come."
Nickel supply disruption,Nickel,Supplier B,-16.82,Q1 2025,Nickel,"**Nickel Supply Disruption: A Q1 2025 Concern**

The global nickel market is bracing itself for a significant supply disruption in the first quarter of 2025, courtesy of Supplier B's inability to meet its contractual obligations. This development is expected to have far-reaching implications on the supply chain, affecting not only nickel prices but also the production of adjacent products.

**The Situation**

Supplier B, a major nickel producer, has reportedly been facing production issues due to unforeseen technical difficulties at one of its key facilities. Despite efforts to rectify the situation, the company has been forced to reduce its output, leading to a shortage of nickel in the market. This shortage is expected to persist throughout Q1 2025, exacerbating the existing supply-demand imbalance.

**Price Impact**

The supply disruption is expected to have a significant impact on nickel prices, with a projected decline of -16.82% in Q1 2025. This price drop will not only affect nickel buyers but also have a ripple effect on the production costs of adjacent products that rely heavily on nickel as a key input material.

**Impact on the Supply Chain**

The nickel supply disruption will have far-reaching implications on the supply chain, particularly for industries that rely heavily on nickel as a raw material. The automotive, aerospace, and construction sectors are likely to be the most affected, as they use nickel in the production of alloys, catalysts, and other components.

* Automotive manufacturers may experience delays in production, leading to inventory shortages and potential losses.
* Aerospace companies may struggle to meet delivery deadlines, potentially impacting the production of aircraft and other critical components.
* Construction companies may face delays in completing projects, as nickel-based alloys are used in the production of building materials, such as stainless steel.

**Potential Mitigation Strategies**

To mitigate the impact of the supply disruption, manufacturers and buyers can consider the following strategies:

1. **Diversify suppliers**: Companies can explore alternative suppliers to reduce their reliance on Supplier B and minimize the risk of supply disruptions.
2. **Inventory management**: Manufacturers can optimize their inventory levels to ensure a buffer against potential shortages and delays.
3. **Price hedging**: Buyers can consider price hedging strategies to lock in prices and mitigate the impact of price volatility.
4. **Supply chain optimization**: Companies can re-engineer their supply chains to reduce dependencies on nickel and identify alternative materials or suppliers.
5. **Communication and collaboration**: Manufacturers and buyers can work together to share information, coordinate production schedules, and develop contingency plans to minimize the impact of the supply disruption.

In conclusion, the nickel supply disruption in Q1 2025 is a significant concern for the global nickel market. While the impact on prices and supply chains is expected to be substantial, manufacturers and buyers can take steps to mitigate the effects of this disruption. By diversifying suppliers, optimizing inventory levels, and implementing price hedging strategies, companies can reduce their exposure to supply chain risks and ensure business continuity."
Nickel supply disruption,Nickel,Supplier A,-17.08,Q4 2026,Nickel,"**Nickel Supply Disruption: A Potential Threat to Global Supply Chain**

The global nickel market is bracing for a significant supply disruption in the fourth quarter of 2026, as leading supplier, Supplier A, announces a temporary halt in production due to unforeseen circumstances. This unexpected event is expected to have a profound impact on the global nickel supply chain, causing a ripple effect across various industries that rely heavily on this critical metal.

**The Situation**

Supplier A, a major player in the global nickel market, has informed its customers of a planned production shutdown in Q4 2026. The exact reason for the disruption is unclear, but industry insiders suggest that it may be related to maintenance issues, equipment failures, or unforeseen regulatory challenges. Whatever the cause, the consequences are likely to be far-reaching, with a significant shortage of nickel expected to hit the market.

**Price Impact**

The price of nickel is expected to take a hit, with a predicted decline of 17.08% in Q4 2026. This price drop is likely to have a cascading effect on the prices of adjacent products, such as stainless steel, alloys, and other nickel-based materials. The impact will be felt across various industries, including automotive, aerospace, construction, and consumer goods.

**Supply Chain Consequences**

The supply chain disruption will have far-reaching consequences, affecting not only Supplier A's customers but also its competitors and the broader market. Some potential consequences include:

1. **Inventory stockpiling**: Customers may stockpile nickel inventory to mitigate the impact of the shortage, leading to a temporary surge in demand.
2. **Supply chain bottlenecks**: The shortage may lead to bottlenecks in the supply chain, causing delays and increased costs for manufacturers and consumers alike.
3. **Price volatility**: The price of nickel is likely to experience significant volatility, making it challenging for companies to predict and manage their costs.
4. **Substitution and substitution costs**: Companies may be forced to substitute nickel with alternative materials, incurring additional costs and potentially compromising product quality.

**Mitigation Strategies**

To mitigate the impact of the supply disruption, companies can consider the following strategies:

1. **Diversify supply sources**: Companies may need to diversify their supply sources to reduce dependence on a single supplier.
2. **Inventory management**: Effective inventory management can help companies manage stock levels and avoid stockouts or overstocking.
3. **Price hedging**: Companies can consider hedging their nickel purchases to lock in prices and reduce the impact of price volatility.
4. **Substitution and innovation**: Companies may need to innovate and explore alternative materials or production processes to reduce their reliance on nickel.
5. **Collaboration and communication**: Companies should maintain open communication channels with suppliers, customers, and partners to ensure a coordinated response to the supply disruption.

In conclusion, the nickel supply disruption announced by Supplier A is a significant event that will have far-reaching consequences for the global supply chain. Companies must be proactive in mitigating the impact of this disruption by diversifying their supply sources, managing inventory, and exploring alternative materials and production processes. By doing so, they can reduce the risk of supply chain disruptions and ensure business continuity in the face of uncertainty."
Nickel supply disruption,Nickel,Supplier B,19.03,Q2 2026,Cobalt,"**Nickel Supply Disruption: A Potential Game-Changer for the Industry**

The global nickel market is bracing itself for a significant supply disruption, courtesy of Supplier B, a major nickel supplier. According to the latest market intelligence, Supplier B will be experiencing a production halt in Q2 2026, which is expected to have a profound impact on the global nickel supply chain.

**The Situation**

Supplier B's production halt is attributed to unforeseen maintenance and upgrade requirements at one of its key processing facilities. The company has been grappling with operational challenges in recent years, and this maintenance window is necessary to ensure the long-term sustainability of its operations. While the exact duration of the halt is still uncertain, industry insiders expect it to last for at least three months, with some predicting a longer downtime.

**Price Impact**

The supply disruption is expected to have a significant price impact, with market analysts predicting a 19.03% increase in nickel prices. This surge is likely to be driven by the reduced supply, which will create a shortage in the market. As a result, prices are expected to rise, making nickel more expensive for manufacturers and consumers alike.

**Impact on the Supply Chain**

The supply disruption will have far-reaching consequences for the supply chain, particularly for industries that rely heavily on nickel as a raw material. The automotive and aerospace sectors, which are significant consumers of nickel, are likely to be the most affected. Manufacturers may need to adjust their production schedules, seek alternative suppliers, or absorb the increased costs to maintain their operations.

**Adjacent Product: Cobalt**

The supply disruption will also have a ripple effect on the cobalt market, as cobalt and nickel are often co-produced in the same facilities. Cobalt prices may rise as a result, as the reduced nickel supply will lead to a shortage of this critical component in the production of lithium-ion batteries and other applications.

**Potential Mitigation Strategies**

To mitigate the impact of the supply disruption, manufacturers and consumers can consider the following strategies:

1. **Diversify Supply Chain**: Companies can explore alternative suppliers or sources to reduce dependence on Supplier B.
2. **Inventory Management**: Manufacturers can optimize their inventory levels to ensure a buffer against potential shortages.
3. **Price Risk Management**: Companies can hedge against price volatility by entering into forward contracts or options agreements.
4. **Research and Development**: The industry can accelerate research into alternative materials or processes that can reduce reliance on nickel.
5. **Collaboration and Communication**: Suppliers, manufacturers, and consumers must maintain open communication channels to ensure a smooth transition during the supply disruption.

In conclusion, the nickel supply disruption is a significant event that will have far-reaching consequences for the industry. While the impact is expected to be substantial, manufacturers and consumers can take proactive steps to mitigate the effects by diversifying their supply chain, managing inventory, and hedging against price volatility. As the industry navigates this challenging period, it is essential to prioritize collaboration, communication, and innovation to ensure a sustainable and resilient supply chain."
Nickel supply disruption,Nickel,Supplier A,-5.51,Q3 2024,Cobalt,"**Nickel Supply Disruption Imminent: Impact on Supply Chain and Mitigation Strategies**

The global nickel market is bracing for a significant supply disruption, as Supplier A, one of the largest nickel suppliers, has announced a production halt in Q3 2024. This development is expected to have a profound impact on the supply chain, leading to a price drop of -5.51%. The disruption is likely to affect not only the nickel market but also its adjacent product, cobalt, which is often used in combination with nickel in various industrial applications.

**Causes of the Disruption**

Supplier A's decision to halt production is attributed to a combination of factors, including maintenance and upgrade works at its facilities, as well as the increasing costs of raw materials and labor. The company's inability to absorb these rising costs has forced it to reevaluate its production schedule, leading to the temporary suspension of operations.

**Impact on the Supply Chain**

The nickel supply disruption is expected to have far-reaching consequences for the supply chain. With Supplier A accounting for a significant portion of global nickel production, the shortage is likely to lead to a shortage of nickel in the market. This, in turn, will impact the production schedules of companies that rely heavily on nickel, such as manufacturers of stainless steel, alloys, and other nickel-based products.

The shortage is also expected to lead to a surge in prices, making it more challenging for companies to maintain their production levels. This could result in delays, production halts, or even the cancellation of orders, ultimately affecting the bottom line of companies that rely on nickel.

**Impact on Cobalt**

Cobalt, an adjacent product to nickel, is often used in combination with nickel in various industrial applications, such as lithium-ion batteries and alloys. The nickel supply disruption is likely to have a ripple effect on the cobalt market, leading to increased prices and tighter supply. This could impact the production of electric vehicles, consumer electronics, and other products that rely on cobalt.

**Mitigation Strategies**

To mitigate the impact of the nickel supply disruption, companies can consider the following strategies:

1. **Diversify Suppliers**: Companies can explore alternative suppliers to reduce their dependence on Supplier A. This may involve negotiating with other suppliers or exploring new sources of nickel.
2. **Inventory Management**: Companies can optimize their inventory levels to minimize the impact of the shortage. This may involve stockpiling nickel or cobalt, or adjusting production schedules to match available supply.
3. **Price Risk Management**: Companies can hedge against price fluctuations by entering into forward contracts or options to lock in prices for future deliveries.
4. **Investment in Alternative Materials**: Companies can explore alternative materials that can replace nickel in their production processes. This may involve investing in research and development to identify suitable alternatives.
5. **Collaboration and Coordination**: Companies can collaborate with their suppliers, customers, and competitors to share information and coordinate their responses to the supply disruption.

**Conclusion**

The nickel supply disruption announced by Supplier A is a significant event that is likely to impact the global supply chain. Companies that rely on nickel and cobalt must be proactive in responding to this disruption, exploring mitigation strategies to minimize the impact on their operations and bottom line. By diversifying suppliers, managing inventory, hedging against price fluctuations, investing in alternative materials, and collaborating with others, companies can navigate this challenging period and emerge stronger in the long run."
Nickel supply disruption,Nickel,Supplier B,-1.05,Q3 2025,Nickel,"**Nickel Supply Disruption on the Horizon: Impact on Supply Chain and Mitigation Strategies**

The global nickel market is bracing itself for a supply disruption in the third quarter of 2025, courtesy of Supplier B's anticipated production slowdown. This development is likely to have a ripple effect on the supply chain, impacting the production and pricing of nickel and its adjacent products. In this article, we will delve into the situation, its potential impact, and explore strategies to mitigate the effects of this disruption.

**Background and Context**

Supplier B, a significant player in the global nickel market, has announced plans to reduce its production capacity by 10% in Q3 2025 due to unforeseen maintenance issues at one of its key facilities. This unexpected downtime is expected to result in a shortage of approximately 20,000 metric tons of nickel, which will have a direct impact on the supply chain.

**Price Impact**

The nickel price is expected to take a hit, with a projected decline of -1.05% in Q3 2025. This decrease is a direct result of the supply disruption, as the reduced availability of nickel will lead to a surplus in the market. The price decrease will be felt across the entire supply chain, from primary producers to end-users, with the potential to affect the profitability of companies that rely heavily on nickel.

**Supply Chain Impact**

The supply chain is likely to experience a series of cascading effects as a result of the nickel supply disruption. Primary producers, who rely on Supplier B for a significant portion of their nickel requirements, may struggle to meet demand, leading to stockpiling and inventory management issues. This, in turn, may cause delays and disruptions to production schedules, ultimately affecting the delivery of nickel-based products to end-users.

**Adjacent Products**

The impact of the supply disruption will not be limited to nickel alone. Adjacent products, such as stainless steel, alloys, and batteries, will also be affected. The reduced availability of nickel will lead to a decrease in the production of these products, potentially causing delays and shortages in industries that rely on them.

**Mitigation Strategies**

To mitigate the effects of the supply disruption, companies in the nickel supply chain can consider the following strategies:

1. **Diversify Suppliers**: Companies can explore alternative suppliers to reduce their reliance on Supplier B and minimize the impact of the supply disruption.
2. **Inventory Management**: Producers can optimize their inventory levels to ensure a buffer against potential shortages, reducing the likelihood of stockpiling and inventory management issues.
3. **Production Scheduling**: Companies can adjust their production schedules to accommodate the reduced availability of nickel, minimizing the impact on delivery timelines.
4. **Price Risk Management**: Companies can implement price risk management strategies, such as hedging, to mitigate the impact of the price decrease on their profitability.
5. **Invest in Alternative Materials**: Companies can explore alternative materials or technologies that can reduce their reliance on nickel, providing a longer-term solution to the supply disruption.

**Conclusion**

The anticipated supply disruption in the nickel market, courtesy of Supplier B's production slowdown, is likely to have a significant impact on the supply chain. Companies that rely on nickel and its adjacent products must be prepared to adapt to this disruption, exploring mitigation strategies to minimize the effects on their operations and profitability. By diversifying suppliers, optimizing inventory levels, and adjusting production schedules, companies can navigate this challenging period and maintain their competitive edge in the market."
Cobalt supply disruption,Cobalt,Supplier A,2.65,Q4 2025,Nickel,"**Cobalt Supply Disruption Alert: Impact on Supply Chain and Potential Mitigation Strategies**

The cobalt supply chain is facing a significant disruption, set to occur in the fourth quarter of 2025, which is expected to have a ripple effect throughout the industry. Supplier A, a major cobalt supplier, has announced a temporary shutdown of its production facilities due to unforeseen circumstances, leading to a projected 2.65% price increase in the global cobalt market.

Cobalt is a critical component in the production of lithium-ion batteries, which are used in a wide range of applications, including electric vehicles, renewable energy systems, and consumer electronics. The supply disruption is likely to have a significant impact on the supply chain, particularly in the automotive and electronics industries.

The shutdown of Supplier A's facilities is expected to lead to a shortage of cobalt, which will be felt across the industry. This shortage is likely to drive up prices, making it more expensive for companies to source cobalt. The impact will be felt most acutely by companies that rely heavily on cobalt in their products, such as electric vehicle manufacturers and renewable energy system providers.

The cobalt supply chain is already facing significant challenges, including concerns over the ethical sourcing of cobalt from the Democratic Republic of Congo, where the majority of the world's cobalt is mined. The shutdown of Supplier A's facilities will only exacerbate these challenges, making it more difficult for companies to ensure a stable supply of cobalt.

To mitigate the impact of the supply disruption, companies in the affected industries may need to consider alternative sources of cobalt or explore new technologies that reduce their reliance on the metal. For example, companies may need to invest in research and development to develop new battery technologies that use alternative materials or reduce the amount of cobalt required.

In the short term, companies may need to adjust their production schedules and inventory levels to manage the impact of the supply disruption. This may involve delaying the launch of new products or reducing production volumes to avoid stockouts.

In the longer term, the supply disruption may present an opportunity for companies to diversify their supply chains and reduce their reliance on a single supplier. This may involve building relationships with new suppliers or investing in new mining and processing technologies to increase the supply of cobalt.

In conclusion, the cobalt supply disruption caused by the shutdown of Supplier A's facilities is likely to have a significant impact on the supply chain, particularly in the automotive and electronics industries. Companies in these industries will need to consider alternative sources of cobalt or explore new technologies that reduce their reliance on the metal. By diversifying their supply chains and investing in research and development, companies can mitigate the impact of the supply disruption and ensure a stable supply of cobalt in the future.

**Adjacent Product: Nickel**

The shutdown of Supplier A's facilities is likely to have a ripple effect throughout the industry, impacting not only cobalt but also adjacent products such as nickel. Nickel is often used in conjunction with cobalt in the production of lithium-ion batteries, and a shortage of cobalt is likely to lead to a shortage of nickel as well.

Companies that rely heavily on nickel in their products, such as stainless steel manufacturers and nickel-cadmium battery producers, may need to adjust their production schedules and inventory levels to manage the impact of the supply disruption. This may involve delaying the launch of new products or reducing production volumes to avoid stockouts.

In the longer term, the supply disruption may present an opportunity for companies to diversify their supply chains and reduce their reliance on a single supplier. This may involve building relationships with new suppliers or investing in new mining and processing technologies to increase the supply of nickel.

Overall, the cobalt supply disruption is likely to have a significant impact on the supply chain, particularly in the automotive and electronics industries. Companies in these industries will need to consider alternative sources of cobalt and nickel or explore new technologies that reduce their reliance on these metals. By diversifying their supply chains and investing in research and development, companies can mitigate the impact of the supply disruption and ensure a stable supply of cobalt and nickel in the future."
Cobalt supply disruption,Cobalt,Supplier A,17.77,Q4 2026,Nickel,"**Cobalt Supply Disruption on the Horizon: Impact on the Supply Chain and Mitigation Strategies**

The cobalt supply chain is set to face a significant disruption in the fourth quarter of 2026, with Supplier A, a major cobalt supplier, announcing a 17.77% price increase. This sudden and unexpected development has sent shockwaves through the industry, sparking concerns about the availability and affordability of this critical metal. Cobalt is a key component in the production of electric vehicle batteries, and its supply disruption is likely to have far-reaching consequences for the automotive and technology sectors.

**The Situation**

Supplier A, a leading cobalt producer, has attributed the price increase to a combination of factors, including rising production costs, increased demand, and logistical challenges. The company has been facing difficulties in maintaining its production levels due to geological constraints and environmental concerns, leading to a shortage of cobalt supply. This shortage is expected to worsen in the coming quarters, exacerbating the supply chain disruption.

**Impact on the Supply Chain**

The cobalt supply disruption is likely to have a ripple effect throughout the supply chain, impacting various industries that rely heavily on this critical metal. The automotive sector, in particular, will be severely affected, as cobalt is a key component in the production of electric vehicle batteries. The increased cost of cobalt will lead to higher production costs for electric vehicle manufacturers, which may result in price increases for consumers. This could slow down the adoption of electric vehicles, potentially undermining the industry's growth prospects.

**Adjacent Product: Nickel**

The cobalt supply disruption is also likely to have a knock-on effect on the nickel market. Nickel is often used in conjunction with cobalt in the production of electric vehicle batteries, and the shortage of cobalt may lead to increased demand for nickel. This could drive up the price of nickel, further exacerbating the supply chain disruption.

**Mitigation Strategies**

To mitigate the impact of the cobalt supply disruption, industry stakeholders can consider the following strategies:

1. **Diversification of Supply Sources**: Companies can explore alternative sources of cobalt to reduce their dependence on Supplier A. This may involve partnering with other suppliers or investing in cobalt mining and processing operations.
2. **Stockpiling**: Companies can stockpile cobalt to ensure a steady supply during the disruption. This strategy, however, may come with significant upfront costs and storage challenges.
3. **Research and Development**: The industry can invest in research and development to identify alternative materials or technologies that can reduce the reliance on cobalt.
4. **Collaboration and Information Sharing**: Industry stakeholders can collaborate to share information and best practices, enabling a more coordinated response to the supply disruption.
5. **Price Risk Management**: Companies can implement price risk management strategies, such as hedging, to mitigate the impact of the price increase on their bottom line.

In conclusion, the cobalt supply disruption announced by Supplier A is a significant development that will have far-reaching consequences for the supply chain. Industry stakeholders must act quickly to mitigate the impact of this disruption, exploring alternative supply sources, stockpiling, research and development, collaboration, and price risk management strategies. By doing so, they can ensure a stable supply of cobalt and minimize the disruption to their operations."
Nickel supply disruption,Nickel,Supplier A,7.59,Q4 2025,Nickel,"**Nickel Supply Disruption Imminent: Impact on Supply Chain and Potential Mitigation Strategies**

The global nickel market is bracing for a significant supply disruption, with Supplier A announcing a shortage of 7.59% in Q4 2025. This development is likely to have far-reaching consequences for the entire supply chain, particularly for industries that rely heavily on nickel as a critical component. In this article, we will delve into the situation, its impact on the supply chain, and potential mitigation strategies to minimize the effects of this disruption.

**The Situation**

Supplier A, a significant player in the global nickel market, has informed its customers that it will be unable to meet the demand for nickel in Q4 2025 due to unforeseen production issues. This shortage is expected to have a ripple effect across the supply chain, causing delays and price fluctuations. The impact will be particularly pronounced in industries that rely heavily on nickel, such as stainless steel production, batteries, and electroplating.

**Impact on the Supply Chain**

The nickel supply disruption will have a cascading effect on the supply chain, leading to:

1. **Inventory shortages**: Manufacturers and distributors will struggle to maintain their inventory levels, leading to stockouts and delays in production.
2. **Price volatility**: The shortage will drive up prices, making it challenging for companies to maintain their profit margins.
3. **Production delays**: Industries that rely on nickel will need to adjust their production schedules, leading to delays and potential losses.
4. **Supply chain disruptions**: The shortage will also impact the supply chain's ability to respond to changing demand, leading to potential inventory imbalances and inefficiencies.

**Potential Mitigation Strategies**

To minimize the impact of the nickel supply disruption, companies can consider the following strategies:

1. **Diversify suppliers**: Companies can explore alternative suppliers to reduce their dependence on Supplier A.
2. **Inventory management**: Manufacturers and distributors can optimize their inventory levels to ensure they have sufficient stock to meet demand.
3. **Price hedging**: Companies can enter into price hedging agreements to lock in prices and mitigate the impact of price volatility.
4. **Substitution**: Industries can explore alternative materials or technologies that do not rely on nickel.
5. **Collaboration**: Companies can collaborate with suppliers, customers, and competitors to share knowledge, resources, and risk.
6. **Inventory optimization**: Companies can optimize their inventory levels by using data analytics and supply chain visibility tools to identify potential bottlenecks and adjust their inventory accordingly.

**Conclusion**

The impending nickel supply disruption is a significant challenge for the global supply chain. However, by understanding the situation and implementing effective mitigation strategies, companies can minimize the impact and maintain their competitiveness. It is essential for companies to be proactive in managing this disruption, exploring alternative suppliers, and optimizing their inventory levels to ensure business continuity."
Nickel supply disruption,Nickel,Supplier A,12.46,Q2 2024,Nickel,"**Nickel Supply Disruption: A Potential Threat to Global Markets**

The global nickel market is bracing itself for a significant disruption in the second quarter of 2024, as Supplier A, one of the largest nickel suppliers, announces a temporary halt in production due to unforeseen circumstances. This development is expected to have a profound impact on the supply chain, causing a shortage of the essential material and subsequently affecting the prices of nickel and its adjacent products.

**The Situation**

Supplier A, a major player in the global nickel market, has informed its customers that it will suspend production for an indefinite period starting from Q2 2024. The reason behind this decision is still unclear, but industry insiders speculate that it may be related to a technical issue at one of their facilities or a shortage of raw materials. Whatever the reason, the consequences are likely to be far-reaching, with a significant impact on the supply chain.

**Price Impact**

The disruption is expected to cause a 12.46% price increase in nickel, making it one of the most significant price shocks in recent years. This sudden increase is likely to have a ripple effect across the entire supply chain, affecting not only the nickel industry but also its adjacent products, such as stainless steel and alloys.

**Impact on the Supply Chain**

The shortage of nickel will have a cascading effect on the supply chain, causing delays and disruptions in the production of various products that rely on this essential material. Manufacturers of stainless steel, alloys, and other nickel-based products will be forced to adjust their production schedules, leading to increased costs and potential losses. The shortage will also create a shortage of finished goods, leading to delays in delivery and potentially affecting customer relationships.

**Mitigation Strategies**

To mitigate the impact of this supply disruption, industry players must adopt a proactive approach. Some potential strategies include:

1. **Diversification**: Companies that rely heavily on nickel should consider diversifying their supply chain by sourcing from alternative suppliers or exploring alternative materials.
2. **Inventory Management**: Manufacturers should maintain a strategic inventory of nickel and its adjacent products to ensure a steady supply of raw materials.
3. **Price Risk Management**: Companies should consider hedging their exposure to price volatility by entering into forward contracts or options to mitigate the impact of price increases.
4. **Collaboration**: Industry players should collaborate to share information and best practices, enabling them to better navigate the disruption and minimize its impact.
5. **Investment in Research and Development**: The industry should invest in research and development to identify alternative materials or processes that can reduce dependence on nickel.

**Conclusion**

The nickel supply disruption announced by Supplier A is a significant event that will have far-reaching consequences for the global supply chain. To mitigate the impact of this disruption, industry players must adopt a proactive approach, diversifying their supply chain, maintaining strategic inventories, and managing price risk. By working together and investing in research and development, the industry can minimize the disruption and ensure a stable supply of nickel and its adjacent products."
